-0.221577454045214;0.0714666479935446;-0.984090315268716;0.814658751399568;0.449489155175256;0.721859314638471;0.471143227426486;0.288834536730807;-0.565778623859932;-0.468254029290182;0.977983671253782;-0.0547243274519361;-0.990284859250649;-0.0399768360183872;0.812024164095949;-0.457856888520178;-0.707953180173133;0.389060842893843;-0.588422312811529;0.0808714644804598;-0.558490856479776;0.979507475880885;-0.752037415596551;-0.56756187701863;0.266734463525584;-0.272385448009149;0.00238178889497859;0.0538257935836728;-0.682241580591326;0.28848899825344;-0.0572593286112655;-0.932193155986821;-0.619326634471044;-0.223433192502357;0.733983952924735;0.510451573373358;0.255372509031102;-0.873547881457469;0.0858547345431503;-0.905014351729699;0.858015798958904;-0.237166938065523;0.615323401921446;0.835513514193408;-0.937819125906421;-0.968318121795648;-0.673017935570118;0.582056593353377;-0.983697307307916;-0.798844154916439;0.300869582799814;-0.971670168528348;0.898643859704205;-0.63263977241798;-0.675309672800096;-0.20142485674279;-0.178215720395858;0.577891175158739;-0.455787023435743;-0.278579756560599;-0.278935700963371;-0.576287776934577;-0.0272174919091104;0.149387468927111;0.595482292038457;0.921199551717519;-0.426707521033876;0.238996336086238;0.237268964278658;-0.696382233820866;0.292018526337806;-0.834991538203796;-0.692667674172135;-0.67762044136406;0.224344805264439;0.687721722493079;-0.634526335286492;-0.585557135639601;-0.624146653329885
0.278863462972773;-0.759661097887548;0.540968180348068;-0.0499503064575982;-0.794544257790569;0.601153516539471;0.198729755943432;-0.762912117129615;-0.862364745405194;-0.962124766287725;-0.0757660316132167;-0.107280445155073;0.601255009446276;0.889430961520143;-0.607740647894975;0.397595731397373;0.666051710213077;0.692285816284266;-0.61911560507705;-0.884618697215646;-0.66973549536757;0.392628377980976;0.645871474564674;-0.760118198383006;0.697912306672442;-0.653572439406976;0.281943590819349;0.783924131493156;0.640394870966949;0.101322148268042;-0.595703547127117;-0.526876401054609;-0.434001845703853;0.562679953044305;0.0369571189143106;-0.643136939095394;-0.22185234852658;0.150601697163682;-0.4899741076439;0.192834947408506;-0.144618682880983;0.850686571187932;-0.400462658256735;0.0960698166464203;-0.60855044740253;0.604115504825103;0.647578157484617;-0.325111598441234;0.844668404138103;0.0100989105679982;0.626123682921896;1.1952000976347;1.0565228769303;-0.962102502332696;-0.65315756866231;0.777202036692634;0.325177069096026;0.215958521500392;0.36745466669056;0.213203784610863;-0.393038226077804;0.12266634532453;-0.413253240657086;-0.0644653093169262;1.02800655856778;-0.146993148274174;-0.716154744981601;-0.488522845909056;-0.56274620716923;-0.795126146034692;-1.1776894415534;-1.41612882826567;-0.330710638691993;0.603268823885088;0.784030371475159;-0.442302829465595;0.203975985036168;-0.497619051838961;-0.90324914612414
-1.01796149880469;0.0343645906039984;-0.435512958237489;0.746434173256017;-0.327195897392404;0.122875254454911;-0.114658566283006;-0.305375081849783;-0.640744207521542;-0.375529266305626;0.545193920048851;0.185283942554935;-0.885005731539399;-0.869021808604566;0.569012494662406;-0.822839987232821;0.58610887886801;0.125989255691265;0.664767420875922;-0.206641164924886;0.725035375691019;0.367413753028221;0.259375364881985;-0.920788270958438;0.913906337495776;-0.307418059164083;0.570848443283721;-0.18861466923967;-0.536497885147888;-0.318466097538566;0.39902222694227;-0.0644002721866346;0.00624503442959264;0.371829168461184;-0.182359764163538;0.856227739819586;-0.954495640505709;0.240052527567944;0.64479859129956;0.386297933246603;0.0641852573964012;1.0381384743776;-0.835695494051922;0.389236560121371;0.0445133338186261;0.102986690251874;0.741645860203982;1.01042471237667;0.335249761853539;-0.151666125151952;-1.20503272854908;0.386132449787853;0.511605078885;0.447395318200203;-0.757973927112802;-0.498613474613195;-0.914646872112197;-0.579413895094234;1.04284901581807;0.794753891300007;0.162566609907757;0.650493078717567;0.991442756040312;0.656123460660317;-0.132034522451094;-0.46416257209097;1.00188377737746;0.0747348517076215;-0.129704283566554;1.06559354204947;0.778577727795959;-1.24830959196137;-0.0535438647092746;-0.979712040012784;1.11136588414594;0.78390796413405;0.241726145770733;0.779976867177755;0.609029775253041
-0.243830371487221;-0.00403117080826072;0.75681261061855;0.652939675618448;0.553047749845329;-0.527817602932836;-0.449231675164079;0.658078164267291;0.671340602608627;-0.254194860552192;-0.56769210755088;0.749411193028129;-0.971178270633026;0.473941842049703;-0.830489760229211;0.831043873930534;0.211484924582615;0.954658863934348;-0.600671167314044;-0.713455633866777;-0.98045037711228;0.0869950534648747;-0.376223958658433;0.0839102214177146;0.555575232239898;0.00605446418259017;-0.969667038466201;-0.95117584948189;-0.0428050805403708;0.358323067888276;-0.693704464045514;0.48657471046001;-0.549303702101014;-0.394623133403528;0.0332199687704582;-0.335028132047628;0.819016551578241;-0.924991995232963;-0.62723318552109;0.0803780915166168;-0.411341220399359;-0.0124125620193035;-0.751836864460236;-0.614960230599902;-0.601881989465877;0.963182037211632;0.878703666572966;-0.525132220477327;-0.0602705963586566;-0.731451725081939;-0.354244991284988;0.902959876726351;-0.152471001406391;0.354998292097087;0.521833229467651;0.654369963281555;-0.652055006166547;-0.375741458646305;-0.922513258634695;-0.486194166652674;-0.619098595724628;-0.511548273259849;-0.344341454006291;-0.697239599103707;-0.555952005545879;-0.0916632470211625;0.278466591384006;0.386384952669481;-0.567530751433493;0.480912553527568;-0.996124784845764;0.096953228541828;0.501977492778534;0.236418198430006;0.679154015573401;0.0517977501883034;-0.150155147770012;-0.786007744416694;-0.322004836822333
0.700523524701487;0.446993752019487;0.692312666903391;-0.0622836393720917;-0.4117442193644;-0.25916760027744;-0.863771739936282;-0.496471578913223;-0.141401961911766;0.222280473371495;0.327313759247273;-1.15653609096832;0.183386760175656;-0.912751800219488;0.983631630648202;-0.250657745047361;-0.857649125634738;-0.63035597909603;0.948164668122376;0.836372469141061;0.840824838511994;-0.226598224938755;-0.733037316668469;-0.804119909454778;0.487978405495918;-0.38866990430857;0.607532583019993;-0.473951765926386;0.71454756283664;0.46607880570524;-0.288773419658924;-0.134411772902791;-0.83263022235551;0.265912959540409;-0.300525111105069;0.256772076539015;0.194621898239061;0.591168357388814;1.23841412405186;0.656694714816413;-1.00024681495967;-0.701438710706875;-0.981086026985444;-0.362771839558317;-0.25377470134272;0.106685253875293;0.0804868329728417;0.163305452720548;0.0530069162385326;-0.0405949899530426;0.775692048716334;-0.293118867646575;-0.159114748012389;-0.969323623545433;0.399875101956828;0.21044438351717;-0.216050962928806;0.237643801205035;0.548380614839885;-0.21031989349179;0.572603796764306;-1.30504524102088;0.0687399649969295;0.456668570608354;0.133186990473434;-0.694261964577947;-0.94862579668243;0.351169964714987;0.702417479250903;-0.94591828506875;1.12252978886642;0.226116673066408;-0.542620331745382;-0.645494029543618;0.747541949736278;0.593484540084478;-0.564155164575137;-1.00862654331981;0.30265568048328
-0.608860767011864;0.506173383425894;-0.558404399457889;-0.230834368061105;0.0442578442481509;-0.853392474854199;0.725482835535131;0.944333221040877;0.98163033110697;-0.14562611239742;0.590031125599998;-0.324263932200007;0.532291479688819;0.859709104767245;0.567906392577681;-0.522493458490686;0.995518512793701;0.321964667549197;-0.208544595001625;0.706930130825708;-0.348903734231171;0.112086124161359;0.566213647649962;0.685166592239637;0.166026693034558;-0.125463636730033;0.0544332683837175;-0.596566451842463;-0.341507022877306;-0.644300088071655;-0.887069783791151;-0.498779098694095;-0.395861487924735;-0.515293304532068;0.401205837604802;0.0885978075655865;-0.140509432885688;0.469180601055491;1.05815594925244;0.508821664371607;-0.0141826523213646;-0.374828161413555;-0.758084551826543;-0.407714226977856;0.929603203589245;0.903402319273041;-0.607688990486723;-0.0681952078208359;-0.0312385851124179;1.02959804477931;1.023235083916;0.936650234529257;0.737833043672545;-0.514190275025745;-0.560341667353543;0.267884107325047;1.03779989257857;-0.157263852006235;0.642314636736261;-0.639899927807648;0.151025521899485;0.38932890584352;0.398126427615467;0.617197613094312;-0.205707218299475;0.174683459582543;-0.946889504128664;0.0317250565169383;-0.485235302584349;-0.516983851702635;0.649128229397648;-0.288917621061218;0.383174575866871;0.394930831503715;-0.320598616450933;1.04901065766459;-0.0552271619124984;-0.00155407377042855;0.707807400696257
0.356167616463622;-0.507567862719291;-0.888607080383999;0.415544258152664;-0.451019846550713;-0.526355379702878;-0.858060986558779;-0.280648182829227;-0.82562436826076;-0.718619275707984;-0.869009376949357;0.0951244761801762;1.10234887176417;0.907923654077543;0.753725110844437;-0.540410146160037;0.60630991970337;0.228882319072568;-0.360553356072692;0.881277142215911;-0.104446302646425;0.78426036288321;0.403032698571355;-0.508937370446407;-0.578409240157266;-0.38285283876153;0.429487447416661;-0.461866051436439;-0.548074612423185;0.832380267977531;-0.4254638488368;-0.701196528025038;-0.0600185189643053;0.0673374146600129;-0.532641123291395;0.946135594420935;0.0643615673296994;1.07008418339563;-0.0505340872928359;0.336936380661071;-0.445669717350803;-0.645993841319363;0.949120441247344;-0.195914717372235;-0.694539721509728;0.431694710848161;0.598387506449702;-0.0500584036152544;0.737662067023449;0.0618874090194517;0.0183430381094576;-0.160318318454461;-0.767432928670517;0.133285725605724;-0.159697038472898;0.543913919843083;0.135851911533192;0.794369819056549;0.086751292863731;-0.839419611726619;0.162847713763116;0.643860094828109;-0.584333504316804;-0.65017099670395;0.740211818512166;0.809199151651875;-0.934618784708345;-0.0542443800983513;0.363496465219977;0.808453203555571;0.453782674515275;0.893336318989104;-0.504692309792335;0.392582247770669;0.307839121201058;-0.497751183245998;0.869491471650049;-0.484452450981552;0.931388779259077
-0.064294187367449;-0.397556839039176;-0.647340515177775;-0.330838410734281;0.257175001535569;-0.285300914864581;0.25465127621238;-1.14776282334199;0.770967995435113;-0.374391492351975;-0.0351171210097892;0.141398634995582;0.248936762335097;-0.12332790080061;-0.353589092016821;-0.828538970750119;-0.674389995513324;0.852438297784311;0.495064535683248;0.0934055047680213;-0.430687278079116;-0.135144936965023;-0.0551770127912308;0.677116191244111;0.622442665685133;0.891496619804555;0.562719107553574;-0.675545604913638;-0.220672317488852;0.635409814844656;-0.221777569843812;0.438166857735819;-0.767381339458911;0.24712154852915;-0.937222097132372;0.497469719286669;-0.783938723256938;-0.181388982536135;0.281392365620388;0.474692153759144;-0.869480541718947;0.50634829859552;-0.370289472728888;-0.58540802314255;-0.829541226170557;0.000907471583162614;-0.762992261755043;-0.242245019788534;0.636283048728082;0.362640352231089;-0.712208623745923;-0.87587032844862;-1.1843573933346;0.340001760675819;0.205298844991001;0.628153772349811;0.870822408602239;0.116281926625208;0.333158305964208;0.574602497272747;0.558008147117749;0.172486942630241;0.168580304996848;1.02382092049399;1.16869200368798;0.483374306702315;-0.899036979228389;0.378198248198559;-0.306740336514058;-0.0827792935072914;0.566083723712819;-0.881414902762768;-0.386688685542049;-0.753214058628845;-0.014550412662647;-0.0412099713551585;0.198638976715501;-0.7749337924601;-0.49019302039535
-0.155017167979692;0.364415137515019;-0.525325136298496;-0.24912570827905;0.597972242612791;0.551006315284076;0.931315051221051;0.18237855013684;0.0541433227482312;-0.554048106547827;-0.659581735781554;0.434394208038212;0.386754879909982;0.720191016481227;0.511013397582525;-0.915652325135878;-0.0503045598846612;-0.596297972636639;-0.599796586002646;-0.335997500681562;-0.00607298546065956;-0.410273482285939;-0.0320837503890147;0.995135642525189;-0.619188740999841;0.528128789982688;-0.752886641350313;0.720202710113541;-0.7840944877143;-0.61035431648707;-0.443513255299048;-0.341491733118027;0.684158959934359;-0.789510778953188;-0.705249412598285;-0.652669203336835;0.0183547818563042;-0.531893841202061;0.7271146398332;-0.563914410582302;0.975729371242215;-0.665052178934976;0.443492287445615;-0.0467305610751772;-0.437802825543995;0.934591377464754;-0.60100577345148;-0.483031824343826;0.379184705190586;-0.896829065922016;-0.882494257181128;-0.504914268096392;-0.368618610885834;0.6586470332467;0.986437125493949;-0.756912946533639;-0.52822880218784;-0.445990034452429;-0.595894998536652;-0.870849043963374;0.345123021842052;-0.777172650666499;0.017933713563123;-0.345015904932846;0.907132396379352;0.709477958872122;0.705736203427474;0.18468725159076;0.402170352600553;0.171768850668847;0.0345598634155913;-0.458401687342412;-0.2819356083372;-0.965368951719579;-0.289142942905503;-0.347342156622295;0.224577709864284;-0.965768604295209;0.399282427563853
-0.592067485719686;0.0483352210539237;0.771582493927015;-0.604780448167751;-0.917694848683324;-0.802583625036307;-0.925454970841192;-0.954428350877759;-1.00401301605527;-0.908263049205536;-0.916076807550272;0.832775153417392;-0.595182453763306;-1.01459799187658;0.582533891981756;0.0246391245833044;0.812121641964478;0.301281595113333;-0.237857535132682;0.0166082148373179;-0.148030451118276;-0.705407298322034;0.285962051616087;0.0326737844181721;-0.806773145298756;-0.0366409230809518;0.589440836523173;0.80584460832586;-0.427525244325694;-0.035522268013822;0.256126446472217;0.0234042805155115;-0.602775235551357;0.16883056479559;0.827224678700335;-0.0429088638029684;0.506878356797422;0.795926399287238;-0.0958357633929056;-0.653258326565784;0.823839765423245;0.675655042135029;0.67637442558379;-0.0193802543687093;0.345830558794791;0.292742379085395;-0.41265244421625;-0.565662686033194;0.038692277928179;-0.0312668492104426;-0.0526796277910588;0.347864080401934;-0.540906264166124;-0.0338740206146726;-0.439920085218467;-0.826177235621446;0.789382366640494;-0.352237660317788;-0.872130084954289;0.063890372824542;-0.425303528530461;-0.76322966510456;0.446626151328774;0.0311751757200488;-0.128965279328505;0.0836086759877935;0.47924786690263;0.289579653104016;-0.808057390681515;-0.388282551007445;0.478110610832439;0.855892823039863;-0.706163682442111;-0.598541728671891;0.213613862749424;0.231993226888703;-0.407754191210252;-0.643153371487143;0.832347729133337
-0.0273711317127836;-0.469304139422922;0.271327288058367;-0.433519121593787;0.677646287276068;-1.09143081656249;-0.877659558356109;-0.458523835313338;0.287435204130561;-0.50070450142872;0.678802619146443;0.131964588946017;-0.0865410709427721;0.780289276495267;0.925483724669964;0.785544384770982;0.641427342239244;-0.765270236181879;-0.417053364223884;-0.95618622583259;-0.39532590794888;0.887699263472874;0.234796583943007;-0.573016109803218;-0.452898483156029;0.534842471956888;0.17747579060044;0.173406134665878;-0.85999988465352;0.660998250066576;0.170722315687657;0.712528068714148;0.537305649918752;-0.383370689171552;0.243392394515495;-0.534882601715667;0.366874650065424;0.530721438933079;0.892852119478106;0.0712218610836596;0.00530462685415035;-0.409502977161891;-0.865679404017411;0.145407269882343;-0.814873244312208;0.377377927218616;-0.218908079810439;-0.680989061032706;-0.896101746669438;-0.129866349308161;0.659812705590804;0.194700877820543;0.923511803485306;-0.929517665911743;0.692001601990111;0.250996992958439;0.272409568688851;-0.177626223774412;-0.776975475505767;-0.513860272629269;0.10586690249489;-0.364003969252344;-0.422315714547801;0.765087488048441;0.654563689598741;-0.952066594049978;0.676072665349516;-0.873169277604147;-0.367497862448698;0.0799058502101597;-0.710482617863195;1.11973205047203;-0.655142875799824;0.698376470721378;0.32840786422351;1.08903180798253;1.05494786037637;-0.394882598259637;1.13099270751289
0.0369038659858258;0.399464968519794;-0.112722606235471;-0.393339366724176;0.400009813325924;-0.717016040872097;-0.713448032373257;0.784242215451541;-0.143119866763732;0.247015720053084;-0.771482630773521;-0.455173501034135;-0.582065415837157;0.266590182617127;0.373126260413786;0.875538287774731;0.809321786711826;1.0326751658455;-0.520145951921168;0.520944065566881;-0.693989705154863;1.08605674503168;-0.632361226333547;0.524230164398852;0.129675928626058;-0.682828538245776;0.413434870980771;-0.297776209997545;-0.764598192978272;-0.0140669181411733;0.882616937678184;0.370776556531726;0.0364425781319585;-0.151763845648644;0.482917062625813;0.0663479548103137;-0.330378104755082;-0.48864521678656;0.200274744153072;0.540794870196622;-0.129718804326428;-0.681117317674104;-1.06310860355477;-0.541793179198118;-1.1210354729187;-0.880229767422909;0.727322130275999;-0.718043478865235;-0.276373076526027;0.70329667165259;0.887648756086921;0.902432755771361;0.465735628072929;-0.147026456466697;0.542157157843046;0.256363005154179;-0.774432631818921;-0.422092352256103;0.0398452950145009;-0.0953402377944554;-0.555618597731274;0.823494086856421;0.445091611542354;-0.910012044988303;0.596645240759736;-0.0641674671345682;-0.511328455537064;0.597382268393493;-0.582156830227557;-0.788832837517381;1.0278583942993;0.480099574666007;0.113600369174489;-0.39017629414066;-0.793189069818508;-0.858634277579234;0.146420904609336;0.795034488122382;0.951397191499565
-0.305722667010117;-0.239608557621482;0.249907981123703;0.560856474558908;-0.3692742216231;0.450851718485403;0.895693988940164;0.766287312283949;0.640713170917603;0.290748354746442;0.736865361197262;-0.118832567932303;0.144473462060691;-0.013180315177488;-1.04297165939577;0.050816439378276;0.0197098927380325;-0.161898279954822;-0.748387426566584;-0.0551737314301108;0.0135354463919701;0.718591320747582;0.713688388357102;-1.01807140049253;-0.361541723450019;0.840038790064343;-0.786247923219111;-0.07638690343634;-0.530451721056088;-0.608517421905947;0.216831986749981;-1.03939506016274;-0.643428592232278;0.0685818982752632;-0.604919846157136;-1.01375494461035;0.0207108858096293;-1.04431572082231;-0.326987353773195;-0.587567685449522;0.575195599308096;0.0629072740391173;-0.464762411162707;-0.808341736348934;-0.463259248547622;0.185129702041222;-0.676052190011115;0.760036451004574;-0.408075365320326;0.451520873122916;0.341025416565162;0.108196127100248;-0.106615078666976;-0.187979663661745;-0.478296728722618;-0.00847841943270863;-0.213758476416005;0.0643873703931398;-0.194561143042371;-0.357451956619747;0.0164943057836397;-0.0767540871553743;0.143391569398301;0.274188345317336;-0.878396750575276;0.585677884718236;-0.444171120932944;-1.04365591615631;-0.350955271249807;0.815395277818639;-0.856325501515109;-0.0509422123799051;-1.04156691063245;0.553852146301793;0.299624636765364;-1.06175970881093;0.0951934948467709;0.53144746997361;0.447424977981199
0.467520139279159;0.7928124765092;-0.727949181373339;-1.05753298550537;0.13769565463392;0.224751486952085;-1.12175366101616;0.0757870009522408;0.622632716659718;-0.0662464111942987;0.326408736284994;0.160551048963606;1.04068468664526;0.416916241368702;-1.01495165669512;0.45893443256841;-0.381078053453658;1.06371288263082;0.230137890932852;-1.00168280173629;-0.0962566637368494;-0.522106193218586;-1.18325103398927;0.0841357045332983;-0.181299363421128;0.7260608055908;-0.976579963439705;-0.131147103059775;0.373459015947104;0.554006673874587;-0.356064242412687;0.911212381284568;0.377960515220414;0.679593114093083;0.554988081467879;0.0710913502688968;0.148196714026601;-0.0411258001847764;0.919055992490486;-0.76034911029374;-0.972040542136448;-0.286774662708705;-0.0322019459752586;0.128550281971989;0.482354765133828;-0.266245589889367;-0.922510066691605;0.830589240097379;-0.894065693984126;-0.990914554700406;-0.477625349173533;-1.04528993557327;1.15419125967836;0.6762364013306;-0.599473550938439;-0.0259285836562079;0.565625659476545;0.254726253265504;0.515054902409223;0.746728362282932;-0.0472835227114386;-0.115687933629826;0.550615254043306;-0.880417178587545;-1.312525255024;-0.0742903573305417;0.813664337818156;-0.708398903914408;0.475422119264705;0.0935956178651166;-0.353609524829526;1.04753774106481;-0.621337716555313;-0.465341914389787;-0.879208768880159;-1.01146217869922;-0.0224282693049652;-0.408539496619002;0.804747015952835
-0.955693248381202;-0.0665878072588074;-0.50645793974903;0.118408937338942;0.062274303745298;-0.300652131523913;-0.838451340953951;-0.985863465446072;0.818370581633488;0.271119319144916;-0.399076251742096;0.426317790943872;0.547372226200474;0.186133374966109;-0.771648248509379;0.31063356096005;0.122720050996477;0.151832609115436;0.0954623780700759;0.123522479686702;0.775401479196771;0.17954935593138;-1.48117480096913;-0.917635685675786;0.0195232367210787;0.617535278977537;-0.0372389523667974;-1.05489979216997;-0.0896026468134348;0.581335645230194;-0.754113245129642;0.503930828101264;-0.204464276447588;0.128868154718924;0.22776461127845;-0.279033999091476;-0.313993772300596;0.875831691414098;-0.478788899111646;0.280876963196776;0.659536389603458;0.223639140567421;0.832391781052013;0.135213107317486;0.215580843275633;0.372425964294076;0.107493901700983;-0.894138722020903;0.881713691340782;0.678303287359347;0.141987441399019;-0.519404446297641;-0.657122707133701;0.539850607537393;0.962766069901684;-0.0866869174345399;-0.0710069364489656;-0.941311962909724;-1.06069858735695;0.726994266428563;0.808678935642405;-0.261251830112673;0.0491759953669806;-0.695155068863378;-0.498371809680378;0.00651437071677399;-0.158790495663278;-0.750048755945198;-0.316512985607969;0.375921934643246;0.447855338171071;0.424498766927661;0.0391381498396584;0.603754081931055;0.513903688007948;-0.155562439488795;-0.00618992909488328;-0.193619940107659;0.239365005430201
0.576840459654146;-0.442133064875459;-0.201496016453909;-0.951271686673733;0.456688352928546;-0.417998112792783;0.436801865383803;-0.117242116250391;0.416289776860163;0.247717316353826;0.927594507158614;0.804076412039517;0.968728253135231;0.678761561107114;-0.279557056794953;0.744220818631267;0.2548816221607;-0.65505840919697;0.477386960377727;-0.599408374766551;0.845351194095784;-0.381679490735214;-0.478704354733315;0.852606034514288;-0.2506227262921;-0.591624613208364;0.505709914848907;-0.82825549733257;-0.180125227660978;0.717822422114764;0.254031167349282;-0.813185782243968;-0.856349286777992;0.314645131705418;-0.544647726334449;0.0354802512551616;-0.208584302870678;-0.618047219630015;0.529309611274505;0.77039330008332;0.273485591105258;-0.640765217811019;0.371579828313963;0.159976215539791;-0.546814257530633;0.399744315336045;0.10187914993082;0.622335667358872;-0.977544441111404;0.842703335458158;-0.61976926611154;-0.711948044411547;0.562571249783448;-0.527638963281804;0.166738339100217;-0.0108261714085425;-0.979589267300796;-0.0772390555384333;0.272793853212721;0.00508071510822613;0.0465578779271172;0.223768391338367;-0.96783839208534;0.694319236138638;0.956467774705178;0.719879048851598;0.664676292843847;-0.330813617729222;0.207714640548023;0.697136986675335;-0.0591535704523034;-0.199123260420885;-0.229736397968448;0.668195737800187;0.128427459441251;0.483188495048688;0.203038379858324;0.365735400312093;0.444498814650249
0.40458204005871;0.339856340579563;0.895821757767664;-0.815086077734374;0.00102574878802919;0.368361715731723;0.0418558412548553;-0.344525267938844;0.72963259258703;-0.847007433618733;0.489933112169924;0.0396849615803763;0.9389099655565;0.14879050919456;-0.433752700064345;-0.220296237698012;-0.928942696666958;-0.661133745761505;0.687706304282897;0.205709335621038;-0.269908544815073;0.768288212081918;-0.570529669264165;-0.53722699721614;-0.63809588946781;-0.0739562045894437;0.586062984976135;0.518883312023852;0.926046331958977;0.370018568230511;0.683393838005346;0.782398344798902;-0.306906348441389;0.533188711936114;0.965681339180118;0.740799979033308;0.21559270918908;0.145520456127638;0.0638530698410284;-0.569999706122527;-0.00424348114437773;0.11398148087089;0.96732768477939;-0.408722792448739;0.752097335939054;-0.31670649222285;0.0643650439331941;0.762193727708618;-0.682681360263833;-0.0529702806628519;0.117266511660982;0.223496835321697;0.582524044271663;-0.790128136835907;-0.249997989363666;0.652514940750303;-0.0431016874239954;0.478257945700484;0.821220185463143;-0.899009045654233;0.800416940426236;0.526736705409256;-0.232147856505027;-0.63986660691455;-0.548945683797294;0.74272155434276;-0.638571834443093;-0.543906490728637;0.18550427669463;-0.139583733784708;0.558860730010996;-0.0469222978968482;0.327600188389286;0.308867074592302;-0.795116762496411;0.606338155046959;0.791025378865173;0.852406276766942;-0.277281434856637
0.577040372387798;0.818605402518694;0.832607787816333;0.213120407513558;-0.075527101918489;-0.785304950464911;-0.525993945338081;-0.773480674684426;-0.575160447958728;-0.332471690901272;-0.6644510664781;-0.25033331454546;0.642049417579786;0.235951615145025;-0.130897517247159;-0.473759937367281;0.433447104391241;-0.663634576165871;0.607951585010171;-0.891298750272542;-1.06294246715402;-0.685029344485582;-0.396163621113212;-0.538707288881721;0.420452581842162;0.360220012979951;-0.905028942928711;0.858375172963003;-0.839959482203333;-1.0093466642957;0.100736777205592;0.7940889637873;0.053251529726295;-0.256838074785252;-0.89316300766622;-0.828184548257535;0.905908102929883;-0.808234098864201;0.773807713964205;-0.964328703581214;0.935307721506323;0.454199891546506;0.81149721684537;0.589949471517668;-0.190816892020573;-0.96902826040449;0.779475502841077;0.55772120731308;-0.682583638702106;-0.385502717661972;-0.343697017757584;0.238446233659258;-0.860462859353568;0.701552958549032;-0.338635528734038;0.26975074645336;0.113864810123961;0.287878678117355;0.742249137903787;0.462918187599702;-1.0286221374708;-0.429364884303023;0.973158942317369;-0.569108122411184;0.519668507186402;-0.552221800065403;0.725301141040817;-0.114508011080922;0.0972086421323434;-0.294985301433979;-0.344697722431889;0.19075975324469;-0.522513134812583;0.409359117629227;-0.882513126132072;-0.537457611054873;-0.598079207120908;-0.0505568589642829;0.668055222488115
0.470349577073159;0.873202310726708;-0.40804377057421;0.886285180542759;0.493408996261259;0.994405218952223;0.701594068324677;0.668393674588709;0.239739013907852;-0.557184320101029;-0.141669815416921;-0.239019925862336;-0.402076598687582;-0.969089821807027;-0.707540414477064;-0.884212108280897;-0.123428312023299;0.540557113454555;0.569931706225702;-0.726637766849171;-0.979186038376861;-0.572687843007128;-0.178047545523242;-0.549003003699609;0.812481850854813;1.36312879120478;0.447124963755834;-0.168517637051334;-0.297527272053678;0.380859605024602;-0.432079033085185;0.138527776124267;-0.817887528065156;0.290729401820501;-0.131258065715268;0.988615335979892;0.97446560121083;0.283399805445834;-0.252136559959358;0.192487592107001;0.444146595969924;-0.0861861269653428;-0.704190011773721;-0.538746209653975;-0.843071053345049;0.698832704655588;-0.769059153122195;-0.257205095901842;-0.554726765832665;0.355618506185396;0.28913214005669;0.0448848684895001;-0.0235684424957515;-0.0802288881927992;0.472424908956521;-0.285989565117048;-0.250278890271379;-1.14349202470169;0.8913472615835;0.735540855220759;0.872911052583514;0.594065998680495;-0.00938593889185347;0.839909358176768;1.06746780487413;0.921847369049036;-0.246857682686843;-0.0763284928101245;-1.12163142514501;-0.548226100308703;-0.0411079469320171;-0.274933285246264;0.109456910081086;-0.972878348274236;-1.06623834451147;0.408494087353068;1.0281214045496;0.767644412516348;-0.890181377706598
1.04152346958561;0.952072467443301;-0.348242073878311;-0.358923781988761;0.35303699844757;0.235812604093464;0.382595288152376;0.934490025151252;0.425912847422862;-0.571950690865763;0.339853086606192;0.395207924797402;0.518639784935132;0.0934051101083813;-0.342367949513423;0.3362850605453;-0.614283045925582;0.98408565143561;-0.306699028227788;0.266201854273679;-0.650598016703902;-0.385776709349168;0.0727233055219285;-0.476053055314507;0.946862980478009;0.180516761372727;-0.628543322959726;0.866607965200997;-0.18549448003029;-0.556003065135427;0.916282077775247;0.174387142823883;-0.233885244501413;1.07302601268452;0.978185685610513;0.719219713890639;0.333793590921596;-0.45023236417755;0.725174906073597;0.084377002449272;-0.141285484641179;-0.54670355136995;0.517437925001366;-0.704749985757494;-0.259636621654323;0.292118190885115;-0.0367802294874753;0.346922045067804;-0.334508336098844;-0.572669920283214;0.573186427889097;1.06083730320895;0.53315386909461;0.0992703286696846;0.690908632227064;0.183539833259082;-0.0758375497394879;-0.699683335098526;-0.0448761749839845;-0.502626205567434;-1.00983851937742;0.148612697500373;-0.0677928288521502;-0.0990873548462913;-0.990969715678241;-1.08870208562047;-0.478457567447422;0.524239752456886;-0.177472174219049;0.374141468993955;-1.08923573152725;-0.741712649914193;-0.759804271309441;-0.0142697511588341;-0.867935203853529;-1.23966601359698;0.0132590754186774;-0.612153432645536;0.771604690391477
-0.115673236905732;0.917447469203276;0.244603892064799;0.725824207917161;0.926941729594384;-0.231474996013717;-0.516202733050169;0.990441206039613;1.14331039657617;-0.813485734540312;-0.276973249422614;-0.12132655617035;0.369804787298214;1.32559974361937;0.480104481182935;-0.0118208293252115;1.16319812478085;0.328283870199612;-0.207709042243106;-0.548231515915416;-0.246128961719318;-0.187318056463041;0.945047543824883;-1.15870342100543;0.0383070463114501;-0.142334261029167;0.400521716715226;0.23241323844454;1.00891310636841;0.257501707117346;0.694781767040261;0.964396582831409;-0.228436270199502;-0.35955051936468;-0.88271249378418;-0.0586814787143486;0.187187223348664;0.452152834417355;-0.0926976002392192;-0.751839646256565;-0.993851872656893;-0.717944846474495;-0.53660789151877;0.263268054624304;-0.132629648180856;-0.574909755765454;-0.187055665526853;-0.598220457218097;0.0622763510112201;-0.291650529137677;-0.857571197188338;0.147470206100229;-0.089112006395055;0.931184855905964;0.232233592855863;1.06189629751407;-0.597395277640748;0.513965287820246;-0.0177633153746823;-0.200954936880533;0.0862129884503609;-0.0718185766057393;-0.940884090450171;-0.0983843848163433;-0.673613908351446;-0.347457817281854;-0.645934375086673;0.29450244169854;0.605935840385043;-0.101468004914989;0.58478257274618;-0.639624117136979;-0.637881099948326;-0.258811694575587;-0.229167111862054;-0.900875488239732;-1.25956401491036;-0.513745252189089;0.59415521484299
-0.471222652999685;0.865807241021633;0.420137592112741;-0.531885322512577;-0.0332236239946803;-0.515049762808497;-0.390587456353726;0.451171895818519;-0.357976886663279;-0.236670135862142;-0.822779021319566;-0.449255964309314;0.762187142307305;-0.435056439530996;-0.97153911658367;-0.158292707728343;0.14148605203013;-0.766435523130993;0.7943816410251;-0.443116822439495;0.661066943596319;-0.922143805359296;0.766570236560269;-0.488254601947599;-0.729868061858506;0.202508462006098;0.757272330135565;-0.371407679698611;0.578960204095334;0.362442680136792;-0.214446444485821;0.705914305189099;0.542855489975699;0.481991264831866;-1.03869906521717;-0.0934554948074456;0.623012750726985;-0.759603959654107;0.0710777762305354;-0.81896088050145;0.93176508525826;0.19221889916454;0.408311008720408;-0.871122125541791;0.457941752664092;0.874459130150882;0.764998679145084;0.717039368239133;-1.09165454749934;0.753548048913513;0.159435675206696;-0.842097443795262;-0.809708907524438;0.780449250495607;0.861818149487101;-0.396670673569904;0.908988142992812;-0.125607195347555;-0.803597542563013;0.822158392229395;-0.399549716418312;0.752895770706235;0.806403937979385;0.30624092831223;-1.0914350621629;-0.904941681173687;0.0882465613211161;-0.851333778579576;-0.56422887275169;-0.0594277179187311;0.244004755558356;-0.0835191890891888;0.0943350832564911;0.374202135994484;-0.420358143240556;-0.701535220482815;-0.634689316403758;0.695970009153899;0.0699520473807378
-0.682598844382215;0.429652654453776;-0.976053916643782;-0.385258723190156;0.844609111501689;-0.944750301969239;-0.720168426396046;0.496445649960676;0.683281283728321;0.798510044966037;0.529354769019048;-0.211336042839063;-0.266514686640765;-1.09220286633387;0.153610250724735;0.600737345130198;-0.899263306600623;0.48187767081462;-0.914904335493148;-0.877328426357587;0.147340013428133;-0.114531099644975;0.48689664185958;0.234869146051713;-0.0664963710334189;-0.346678333952354;-0.825494827034753;-0.029042812869671;-0.368075676793223;0.264957568764592;0.753063569772165;0.770416174174472;-0.958807355283929;0.539939655285092;0.858996933873584;-0.444845600264246;-0.401690928101697;0.427118088226901;1.05510038347022;0.229225169926439;0.260399324937647;-0.430320235722559;0.108047061581448;-0.455210072353522;0.0383562055351128;0.970001628187335;-0.383437248026998;-0.398171503583524;0.555089451492636;0.977520851689572;-0.326889526100777;-0.274659484681793;-0.603681875898218;0.590582711734231;0.777509253989599;0.762367050696866;0.648749230920411;-0.213079141859446;0.585460572330969;0.292363283803684;0.870162792435972;0.321940647554601;-0.090586147850307;-0.562081882761333;-0.833582051147897;0.341901175238985;-0.159322040106753;-0.119703438897247;-0.972888793633723;-0.716864579697937;0.13966931531928;-0.163804402905527;0.491971977065025;-0.153244177512871;-0.396316518847048;-0.793303466889802;0.173186375477311;-0.018341427913916;-0.750062673769572
-0.120611714555583;0.785301485715115;0.564706165484559;0.107563818335794;-0.140144183862738;-0.488209151472499;-0.640050956823399;0.203464856193645;-0.48420702046231;0.86472064710453;-0.782456370458584;-0.171993003234844;0.659425043093483;0.82140170281093;-0.611664262664744;0.581483073847183;1.00376865392077;0.801176333349054;-0.287979454874061;-0.762842147113163;0.347475901201599;0.0694860675914393;0.527713350161674;-0.343272111362879;0.18004286922282;-0.28987129313653;0.746601163995121;0.402890094672713;0.6291629624566;-0.079229522436145;0.453545951256603;-1.08098748241492;-0.522364031805305;-0.660062883212727;-0.459197754245119;0.523799928661593;-1.02752041361074;-0.793993333423554;-0.958059504164651;0.773294029445609;0.766511286576375;-0.755935334214934;-0.862504028742836;0.135755371961646;0.819190318302295;0.67571306976769;0.404363996555034;-0.222404829380925;-0.194720016622197;0.100936385850208;-0.343921751819042;-0.466610879667247;-0.475629654456112;-0.212771389437318;-0.0407378947063547;1.18864429958026;-0.963386927407881;-0.0300709780977785;0.897820706863183;-0.939187086238645;-0.130786559962968;-0.368096626812967;0.612062020608435;0.624624484363445;-0.578968641191532;-1.12150507142252;-0.592638168304739;0.0893081886952636;0.017384002478877;-0.500785656794885;0.583924243223172;0.726296676942271;0.73649011518259;-0.147892351527672;-0.547951948981921;-0.252975706639035;-0.437400850141839;-0.340784020239335;-0.344061516113354
0.364511824581562;0.0129322040839125;0.0194097709798514;-0.779893460180947;-0.388437311349209;-1.53667130822099;-0.328681679787929;0.40707783900936;0.599981976978584;0.209685306999771;-0.306380519585753;0.640680095328577;-0.106652574240887;-0.632313629119233;0.945317347280742;0.0528797993521108;0.13366604545818;-0.371057985963688;-0.565559526795159;-0.758835271714707;0.798578504616351;0.466015652991213;-0.78357658250504;0.766116054250364;-0.916223720477956;-0.0192967105885752;0.191497730159213;-0.0782891936714824;0.737544673457316;-0.249563120595925;-1.3778730440981;-0.02562742507416;0.400051461600116;-0.394619813645328;-0.753330960542725;-0.115444622927079;0.393640727668961;-0.522659094771191;-0.235743523028752;0.566975807491597;0.831540565559739;-0.42242208885264;-0.0987838292339876;0.893375466027819;-0.382683554864596;0.225158991911303;-0.319445389377731;0.127257009836562;0.643649086067738;0.956742152654898;0.573226869291142;-1.09376422893254;-0.740202975535602;-0.709328072050154;-0.182875147231864;-0.893046520635376;-0.338377529074309;0.227433983866326;-0.932964569755817;0.00514988627730495;-0.173639818727342;0.66770394415297;0.554986334862223;0.0395990459387043;0.358558507903873;0.768744314604658;-0.729706378092401;-0.37671685549959;1.13992546239018;0.00261855811441539;0.46249843931358;-1.24436630572889;0.711503111232223;0.220522498180848;0.0511600419377685;0.231489579573792;-0.394380834368024;-0.106898011052105;0.498756142618399
-0.305714867934667;-0.363859716836393;0.92319608768055;0.0924239812775512;-0.895745475804063;-0.714089811272269;0.803160732995155;-0.354676106797078;-0.0920877046106918;-0.0146265020084017;-0.76467792116246;-0.840874476134571;-0.84362184593511;-0.672503855074734;0.72079793488196;-0.309366460431263;1.07753879366869;0.0535600817350933;0.461149194391883;-1.05881747730741;-0.386497101467726;0.274432768576995;0.750075767329882;0.688868713700736;-0.137646272359694;-1.38350488041581;0.695233021335407;-0.295856887505108;0.220892127208531;0.426880118476914;0.422266414992369;0.459072843032228;0.896221202401125;0.910806074539752;0.129290694822287;-0.808290891203223;-0.518166487000152;-0.548763285536046;0.328303923753039;-0.863189825411467;0.732125380248177;-0.312219782997115;0.172420395386118;0.733559899343611;0.402342488164372;-0.487265549237173;0.14873911107485;0.370189378846264;0.702775087721722;1.25319524973721;-0.00222235869265004;0.652045327246418;-0.307615460096121;-0.357192866148628;-0.331941973856376;0.746816204748426;-0.458232162478772;-0.795846226998873;-1.31222390371247;0.72647151874502;0.333203178963165;0.117656073207335;0.388270975600453;0.625740889583196;0.723660675888095;0.0923859256612444;-0.701108775586653;-0.605050516571425;0.537054967546616;0.235553371008675;-0.902897887110193;-0.122103192733002;0.542170251461323;0.740740148321841;-0.637026636097254;1.09008691075351;-0.574929642260763;-0.460190764436645;0.954587603436253
-0.768391051058822;-0.442677395955833;0.911283058695319;-0.293770631508219;0.357677331631722;-0.612872411610637;0.719616086355391;-0.537872541647174;0.145098326807295;0.0563987398682533;0.414938989225724;0.674955452261735;-0.649838983630539;-0.696189247861347;0.553295049746823;-0.0372333886831617;-0.669304182178296;0.438778317033875;0.103139051973437;0.784259935798709;-0.070975838507486;-0.634973022205937;-0.700659401927631;-0.372920718455948;-0.385978066454786;1.05728364151974;0.787179969450017;-0.681171545502207;0.570075242977669;-0.697957196183028;-0.325639222980055;0.423947214582358;-1.11052787437441;-0.945774982563352;0.300322860804253;-0.191602910297159;0.174196531129637;-0.192706826983756;1.13024484396911;0.191945444660185;0.592917122773806;0.970411659998722;0.205683685459587;0.631027679881121;0.77538521581157;0.69136986899973;0.554915810136357;-0.259425808292373;-1.07554368218872;-0.830917902344235;-1.13291969186111;-0.669760951812042;-0.163234046474408;-0.238901237500555;0.0531173085067461;-0.787906746713182;-0.569286147077579;0.542449059720616;-1.06527436646908;0.851265219814718;-0.0674128497649974;0.218874351166811;0.076034736146579;-0.298689385759602;-0.670146097361321;0.63077371145669;0.292804950073867;0.798860740231729;-0.107164412346689;-0.754737298851353;0.671129139601253;0.78040711008821;0.26995406151609;0.720676183443587;-0.92696097714111;-0.0078563754690868;0.287180989176339;-0.0189022313293737;-0.586343340942311
-0.103855769266891;-0.822390043169169;-0.117136913962923;-1.07487342190119;0.499388012592221;-0.752886297338924;-0.802238194932818;-0.493414879495127;0.479824056859753;0.791077839308039;0.66219178444655;-0.40888300081934;0.885554898828119;-0.313440149148307;-0.5155594282056;-0.44730428649181;0.928261341830437;-0.14575113306979;-0.826942604272582;0.156352084509526;-0.552196841364189;-0.811773562722351;0.766477841360106;1.05339594974776;0.504385218967495;-0.272600217497468;-0.265014367222284;-0.143120466776043;0.27468793173056;-0.484668787405533;-0.756714458851286;-0.249798558798192;0.173517601718065;-0.0899574691511793;0.108884366427662;0.512307217028948;0.661821937024628;0.772959120485027;0.767153121719986;-0.518194573914072;0.906395154856271;0.0851757631086088;1.23230498671502;-0.221831979422892;0.236131445959818;-0.789343335444118;-0.826064485723971;-0.0621276232806958;-0.208935647942447;0.613168139118185;-0.818649343260959;-1.1357959946513;-0.211850113752477;0.884554177450486;-0.804019380046049;-0.375843742401216;-0.399666494340273;0.302130154505058;-0.244839676500151;0.29558929818961;-0.74439984118432;0.277888209957351;0.437417704734973;-0.185275399764219;0.621803229041614;-0.0427115720529573;-0.196255302101071;-0.430257632394416;0.66029100382881;-0.380059844725479;-0.526429303351942;-0.633491838713293;0.189751369072452;1.18342520759463;0.386774561447845;0.157937570468681;-0.455636284323831;0.321492449213302;-0.58782169030601
0.346118801910718;-0.686256750792932;0.441152046369824;1.02995833961838;0.830948390487281;-0.558318155013237;0.872830523137715;0.678429185629074;0.609835031800127;-0.0283182248751276;-0.34537478103408;-0.266413340588565;-0.286024525861683;0.117925118407771;-0.692972235802306;-0.577067306983036;-0.559595174841193;0.66638552664125;0.228138235724629;-0.00620730659868463;-0.697524193133744;0.42189218151075;0.793625706639491;0.393245556729155;0.982062421418323;-0.143235186745782;0.856515311586769;-0.397182770151007;0.162174366789451;-0.554408940158386;0.334023574505688;-0.710013685396963;0.185382831390911;-0.246196826696918;0.000696583633634278;-0.0771300349913452;-0.620615312253878;0.615813557830527;0.689435645053945;-0.801813011539844;0.35810544652075;0.304858381570221;0.483113406169635;0.546812353488296;0.100699743396782;-0.640825689686072;0.991868866723792;0.13553975913141;-0.00993005663981361;0.62883804783616;0.118477125833135;0.266218282288102;0.158372928224614;-0.811816499286118;-0.742146337139659;-1.03759882629596;-0.320573475628076;-0.858022585353448;1.12093608426241;0.134946752801427;-0.279645876069816;0.212642893189564;-0.431678170599607;0.130489970054123;0.70931137788425;-0.48527978674245;0.360277046804648;0.938876039422553;-0.900159343478805;0.426353715222756;0.853611317921516;-0.268725734098453;-1.16696671812875;0.231146155764954;0.612545827305918;-0.025219786383262;1.02984402196407;-0.763512628969295;-0.524183307122907
0.61716821792094;-0.14002727858852;-0.257992272281618;0.691502804416722;0.681764704415889;0.629955963839994;0.897167866308659;0.116176267868305;0.0854084394632352;-0.358139429607428;0.106753463799813;-0.60633963411767;-0.585065340555884;0.125110372569771;-0.57373939165322;0.46304240099053;-1.46015053818866;-0.3628273968615;-0.747775890113579;0.657128176436991;-0.48466955876534;-0.0468395989442604;1.52321999400057;0.057560120668658;0.684365531471866;0.949497733857705;-0.360881422350012;0.261975823655543;-0.963674014129056;-0.990561429193144;0.425308832182031;-0.339936685562023;-0.799563494533812;0.202799594044677;-0.543325799881289;-0.565403433839948;-1.33217687103983;0.737204128597907;0.183078854482093;0.730595962726897;0.772328534849112;0.659885331065524;-0.25512659981497;0.435098261001766;-0.161210881744836;0.376138634086222;0.819128980542004;0.204534057910392;0.377129395002013;0.837345984094332;0.914399360907026;-0.628350582496351;0.575547648792285;-0.514125452813142;-0.841550586632371;-1.04100203202258;-0.32546293219055;0.670529525063053;1.46506441396715;-0.495387871830291;-0.302174002012843;-0.210082325825479;0.0393103935099701;-0.0640013958593173;0.691056851291266;0.0599811776351568;0.506995068412581;-0.251861188127613;0.220933285931455;-0.897589509440341;0.479504675433515;-0.566810654210381;0.0807134048769385;-0.362906316084925;0.717536977026524;0.220795362663424;0.518747725479809;-0.293701962577136;-0.986622805433491
-0.685617091298525;-0.389606404084658;-0.0690448552941905;0.693762240039294;-0.550242354702713;0.296300367618837;-0.0263203208553091;-0.499658362709534;0.942896900419051;0.755938277229313;0.759658958861848;0.202539377236565;-0.507285417262014;0.894868914281706;-0.344242000804143;-0.372169420215588;-0.211117257467473;-0.570848066251618;0.605395336815684;-0.651410015118276;-1.14038755646695;0.476244094335442;-0.119901701712583;-1.24392298000029;0.276197376128806;-0.574838762452461;-0.23933336095778;-0.88427100499334;0.152864637692778;-0.47295732040305;0.621144048671788;1.00687314166247;-0.657247213091133;0.65740573317321;0.962522587204696;1.0073615763827;-0.627445450438732;0.124879903250849;-0.351476394384676;0.733142572859651;-1.09573251512872;-0.460673854548827;0.583842263614409;-0.269580055718524;0.57040396271084;-0.0558932151627889;-0.0300582471282104;-0.574541697025997;0.204323434601027;0.785107530136891;0.0941365547280489;-0.342230217756947;0.30731132949184;-0.71202464570879;-1.07066586702061;-0.435819286465244;0.644038921989714;0.0801905502319629;-0.370536637027636;-1.02305719892252;0.701468643356119;-0.136664303065034;0.203985171899107;0.417252838094568;-0.71715596478483;0.549060551009344;0.0639475404974726;-0.122770932137388;-1.32621438575968;-0.0202988267107671;-0.621223863566676;1.02041429178675;0.693068593189358;0.637241644468371;-0.976184166907881;-0.0470224359294596;0.347645478807585;0.362286500030296;-0.559145652720481
